genome,sp,carrier,BBK32,BmpA_B,CspA_Z,DbpA,DbpB,Erp,Mlp,OspA,OspB,OspC,OspD,P66,VlsE
GCF_000008685.2_ASM868v2,bb,TRUE,1,1,1,1,1,1,1,1,1,1,1,1,1
GCF_000021405.1_ASM2140v1,bb,TRUE,0,1,0,1,1,1,1,1,1,1,0,1,1
GCF_000165595.2_ASM16559v2,afz,TRUE,0,1,0,1,1,1,0,1,1,1,0,1,0
GCF_000166635.1_ASM16663v1,bb,TRUE,0,1,0,1,1,1,1,1,1,1,1,1,0
GCF_000166655.1_ASM16665v1,bb,TRUE,0,1,1,1,1,1,1,1,1,1,0,1,0
GCF_000181555.2_ASM18155v2,bb,TRUE,0,1,0,1,1,1,1,1,1,1,0,1,0
GCF_000196215.1_ASM19621v1,bav,TRUE,0,1,0,1,1,0,1,1,1,1,0,1,0
GCF_000222835.1_ASM22283v1,afz,TRUE,0,1,0,1,1,1,1,1,1,1,0,1,0
GCF_000239475.1_ASM23947v1,gar,TRUE,0,1,0,1,1,0,1,1,1,1,0,1,0
GCF_000300045.1_ASM30004v1,gar,FALSE,0,1,0,0,0,0,0,0,0,0,0,1,0
GCF_000304735.1_ASM30473v1,afz,FALSE,0,1,0,0,0,0,0,0,0,0,0,1,0
GCF_000444465.1_ASM44446v1,bb,FALSE,0,1,0,0,0,0,0,0,0,0,0,1,0
GCF_000691545.1_ASM69154v1,gar,FALSE,0,1,0,0,0,0,0,0,0,0,0,1,0
GCF_000714705.1_935T,gar,TRUE,0,1,0,1,1,1,1,1,0,1,0,1,0
GCF_000741005.1_ASM74100v1,afz,TRUE,0,1,0,1,1,0,0,1,1,1,0,1,0
GCF_000962775.1_ASM96277v1,afz,TRUE,0,1,0,1,1,1,1,1,1,1,0,1,0
GCF_001900865.1_ASM190086v1,afz,TRUE,0,1,0,1,1,1,1,1,1,1,0,1,0
GCF_001922545.1_ASM192254v1,gar,TRUE,0,1,0,1,1,1,1,1,0,1,0,1,0
GCF_002083055.2_ASM208305v2,bb,TRUE,0,1,0,1,1,1,1,1,1,1,0,1,1
GCF_002151465.1_ASM215146v1,bb,TRUE,0,1,0,1,1,1,1,1,1,1,1,1,0
GCF_002151485.1_ASM215148v1,bb,TRUE,0,1,0,1,1,1,1,1,1,1,0,1,1
GCF_002151505.1_ASM215150v1,bb,TRUE,0,1,0,1,1,1,1,1,1,1,1,1,1
GCF_002442595.2_ASM244259v2,bb,TRUE,0,1,0,1,1,1,1,1,1,1,1,1,0
GCF_002995865.1_ASM299586v1,bb,TRUE,0,1,0,1,1,1,1,1,1,1,1,1,0
GCF_002995885.1_ASM299588v1,bb,TRUE,0,1,0,1,1,1,1,1,1,1,0,1,0
GCF_002995915.1_ASM299591v1,bb,TRUE,0,1,0,1,1,1,1,1,1,1,1,1,0
GCF_002995935.1_ASM299593v1,bb,TRUE,1,1,0,1,1,1,1,1,1,1,1,1,0
GCF_002995985.1_ASM299598v1,bb,TRUE,1,1,0,1,1,1,1,1,1,1,1,1,0
GCF_002996005.1_ASM299600v1,bb,TRUE,1,1,0,1,1,1,1,1,1,1,1,1,0
GCF_002996025.1_ASM299602v1,bb,TRUE,0,1,0,1,1,1,1,1,1,1,0,1,0
GCF_002996105.1_ASM299610v1,bb,TRUE,0,1,0,1,1,1,1,1,1,1,1,1,0
GCF_002996125.1_ASM299612v1,bb,TRUE,1,1,0,1,1,1,1,1,1,1,0,1,0
GCF_002996165.1_ASM299616v1,bb,TRUE,0,1,0,1,1,1,1,1,1,1,0,1,0
GCF_002996245.1_ASM299624v1,bb,TRUE,0,1,0,1,1,1,1,1,1,1,1,1,0
GCF_002996265.1_ASM299626v1,bb,TRUE,0,1,0,1,1,1,1,1,1,1,1,1,0
GCF_002996285.1_ASM299628v1,bb,TRUE,0,1,0,1,1,1,1,1,1,1,1,1,0
GCF_002996305.1_ASM299630v1,bb,TRUE,0,1,0,1,1,1,1,1,1,1,1,1,0
GCF_002996345.1_ASM299634v1,bb,TRUE,0,1,0,1,1,1,1,1,1,1,1,1,0
GCF_002996365.1_ASM299636v1,bb,TRUE,0,1,0,1,1,1,1,1,1,1,1,1,0
GCF_002996385.1_ASM299638v1,bb,TRUE,0,1,0,1,1,1,1,1,1,1,1,1,1
GCF_002996395.1_ASM299639v1,bb,TRUE,0,1,0,1,1,1,1,1,1,1,1,1,0
GCF_002996405.1_ASM299640v1,bb,TRUE,0,1,0,1,1,1,1,1,1,1,1,1,0
GCF_002996465.1_ASM299646v1,bb,TRUE,0,1,0,1,1,1,1,1,1,1,1,1,0
GCF_002996475.1_ASM299647v1,bb,TRUE,1,1,0,1,1,1,1,1,1,1,0,1,0
GCF_002996485.1_ASM299648v1,bb,TRUE,0,1,0,1,1,1,1,1,1,1,1,1,0
GCF_002996545.1_ASM299654v1,bb,TRUE,0,1,0,1,1,1,1,1,1,1,0,1,0
GCF_002996585.1_ASM299658v1,bb,TRUE,1,1,0,1,1,1,1,1,1,1,0,1,1
GCF_002996605.1_ASM299660v1,bb,TRUE,0,1,1,1,1,1,1,1,1,1,0,1,0
GCF_002996625.1_ASM299662v1,bb,TRUE,1,1,0,1,1,1,1,1,1,1,0,1,0
GCF_002996645.1_ASM299664v1,bb,TRUE,0,1,0,1,1,1,1,1,1,1,0,1,0
GCF_002996685.1_ASM299668v1,bb,TRUE,0,1,0,1,1,1,1,1,1,1,1,1,0
GCF_002996705.1_ASM299670v1,bb,TRUE,0,1,0,1,1,1,1,1,1,1,1,1,0
GCF_002996865.1_ASM299686v1,bb,TRUE,0,1,0,1,1,1,1,1,1,1,1,1,0
GCF_002996925.1_ASM299692v1,bb,TRUE,0,1,0,1,1,1,1,1,1,1,1,1,0
GCF_002996965.1_ASM299696v1,bb,TRUE,1,1,0,1,1,1,1,1,1,1,1,1,0
GCF_002997045.1_ASM299704v1,bb,TRUE,0,1,0,1,1,1,1,1,1,1,1,1,0
GCF_002997065.1_ASM299706v1,bb,TRUE,0,1,0,1,1,1,1,1,1,1,1,1,0
GCF_002997085.1_ASM299708v1,bb,TRUE,0,1,0,1,1,1,1,1,1,1,1,1,0
GCF_002997105.1_ASM299710v1,bb,TRUE,0,1,0,1,1,1,1,1,1,1,1,1,0
GCF_002997145.1_ASM299714v1,bb,TRUE,1,1,0,1,1,1,1,1,1,1,0,1,0
GCF_002997165.1_ASM299716v1,bb,TRUE,0,1,0,1,1,1,1,1,1,1,1,1,0
GCF_002997205.1_ASM299720v1,bb,TRUE,0,1,0,1,1,1,1,1,1,1,1,1,0
GCF_002997245.1_ASM299724v1,bb,TRUE,0,1,0,1,1,1,1,1,1,1,0,1,0
GCF_002997265.1_ASM299726v1,bb,TRUE,0,1,0,1,1,1,1,1,1,1,0,1,0
GCF_002997285.1_ASM299728v1,bb,TRUE,1,1,0,1,1,1,1,1,1,1,0,1,0
GCF_003367295.1_ASM336729v1,bb,TRUE,0,1,0,1,1,1,1,1,1,1,0,1,0
GCF_003814405.1_ASM381440v1,gar,TRUE,0,1,0,1,1,1,1,1,0,1,0,1,0
GCF_003814425.1_ASM381442v1,bav,TRUE,0,1,0,1,1,1,1,1,1,1,0,1,0
GCF_014525455.1_ASM1452545v1,bav,TRUE,0,1,0,1,1,1,1,1,1,1,0,1,0
GCF_014525525.1_ASM1452552v1,bav,TRUE,0,1,0,1,1,1,1,1,1,1,0,1,0
GCF_014525535.1_ASM1452553v1,bav,TRUE,0,1,0,1,1,1,1,1,1,1,0,1,0
GCF_014525565.1_ASM1452556v1,bav,TRUE,0,1,0,1,1,1,1,1,1,1,0,1,0
GCF_014525665.1_ASM1452566v1,bav,TRUE,0,1,0,1,1,1,1,1,1,1,0,1,0
GCF_014525685.1_ASM1452568v1,bav,TRUE,0,1,0,1,1,1,1,1,1,1,0,1,0
GCF_014525705.1_ASM1452570v1,bav,TRUE,0,1,0,1,1,1,1,1,1,1,0,1,0
GCF_014525715.1_ASM1452571v1,bav,TRUE,0,1,0,1,1,1,1,1,1,1,0,1,0
GCF_014525745.1_ASM1452574v1,bav,TRUE,0,1,0,1,1,1,1,1,1,1,0,1,0
GCF_014525755.1_ASM1452575v1,bav,TRUE,0,1,0,1,1,1,1,1,1,1,0,1,0
GCF_014525785.1_ASM1452578v1,bav,TRUE,0,1,0,1,1,1,1,1,1,1,0,1,0
GCF_014525805.2_ASM1452580v2,bav,TRUE,0,1,0,1,1,1,1,1,1,1,0,1,0
GCF_014525815.1_ASM1452581v1,bav,TRUE,0,1,0,1,1,1,1,1,1,1,0,1,0
GCF_014525845.1_ASM1452584v1,bav,TRUE,0,1,0,1,1,1,1,1,1,1,0,1,0
GCF_014525925.1_ASM1452592v1,bav,TRUE,0,1,0,1,1,1,1,1,1,1,0,1,0
GCF_014525935.1_ASM1452593v1,bav,TRUE,0,1,0,1,1,1,1,1,1,1,0,1,0
GCF_014526005.1_ASM1452600v1,bav,TRUE,0,1,0,1,1,1,1,1,1,1,0,1,0
GCF_014526025.1_ASM1452602v1,bav,TRUE,0,1,0,1,1,1,1,1,1,1,0,1,0
GCF_014526045.1_ASM1452604v1,bav,TRUE,0,1,0,1,1,1,1,1,1,1,0,1,0
GCF_018141305.1_ASM1814130v1,afz,FALSE,0,1,0,0,0,0,0,0,0,0,0,1,0
GCF_018831585.1_ASM1883158v1,bav,TRUE,0,1,0,1,1,1,1,1,1,1,0,1,0
GCF_019134655.1_ASM1913465v1,bb,TRUE,0,1,1,1,1,1,1,1,0,1,0,1,0
GCF_019464575.1_ASM1946457v1,bb,TRUE,1,1,1,1,1,1,1,1,1,1,1,1,0
GCF_024662155.1_ASM2466215v1,bb,TRUE,0,1,1,1,1,1,1,1,1,1,1,1,0
GCF_024662175.1_ASM2466217v1,bb,TRUE,0,1,0,1,1,1,1,1,1,1,0,1,0
GCF_024662195.1_ASM2466219v1,bb,TRUE,1,1,1,1,1,1,1,1,1,1,1,1,1
GCF_026571615.1_ASM2657161v1,afz,FALSE,0,1,0,0,0,0,0,0,0,0,0,1,0
GCF_026571635.1_ASM2657163v1,afz,FALSE,0,1,0,0,0,0,0,0,0,0,0,1,0
GCF_026571655.1_ASM2657165v1,afz,FALSE,0,1,0,0,0,0,0,0,0,0,0,1,0
GCF_026571675.1_ASM2657167v1,afz,FALSE,0,1,0,0,0,0,0,0,0,0,0,1,0
GCF_026571695.1_ASM2657169v1,afz,FALSE,0,1,0,0,0,0,0,0,0,0,0,1,0
GCF_026571715.1_ASM2657171v1,afz,FALSE,0,1,0,0,0,0,0,0,0,0,0,1,0
GCF_026571735.1_ASM2657173v1,afz,FALSE,0,1,0,0,0,0,0,0,0,0,0,1,0
GCF_026571755.1_ASM2657175v1,afz,FALSE,0,1,0,0,0,0,0,0,0,0,0,1,0
GCF_026571775.1_ASM2657177v1,afz,FALSE,0,1,0,0,0,0,0,0,0,0,0,1,0
GCF_026571795.1_ASM2657179v1,afz,FALSE,0,1,0,0,0,0,0,0,0,0,0,1,0
GCF_026571815.1_ASM2657181v1,afz,FALSE,0,1,0,0,0,0,0,0,0,0,0,1,0
GCF_026571835.1_ASM2657183v1,afz,FALSE,0,1,0,0,0,0,0,0,0,0,0,1,0
GCF_026571875.1_ASM2657187v1,afz,FALSE,0,1,0,0,0,0,0,0,0,0,0,1,0
GCF_026571895.1_ASM2657189v1,afz,FALSE,0,1,0,0,0,0,0,0,0,0,0,1,0
GCF_026571915.1_ASM2657191v1,afz,FALSE,0,1,0,0,0,0,0,0,0,0,0,1,0
GCF_026571935.1_ASM2657193v1,afz,FALSE,0,1,0,0,0,0,0,0,0,0,0,1,0
GCF_026571955.1_ASM2657195v1,afz,FALSE,0,1,0,0,0,0,0,0,0,0,0,1,0
GCF_026571995.1_ASM2657199v1,afz,FALSE,0,1,0,0,0,0,0,0,0,0,0,1,0
GCF_026572015.1_ASM2657201v1,gar,FALSE,0,1,0,0,0,0,0,0,0,0,0,1,0
GCF_026572035.1_ASM2657203v1,gar,FALSE,0,1,0,0,0,0,0,0,0,0,0,1,0
GCF_026572055.1_ASM2657205v1,gar,FALSE,0,1,0,0,0,0,0,0,0,0,0,1,0
GCF_026572075.1_ASM2657207v1,gar,FALSE,0,1,0,0,0,0,0,0,0,0,0,1,0
GCF_026572095.1_ASM2657209v1,gar,FALSE,0,1,0,0,0,0,0,0,0,0,0,1,0
GCF_026572115.1_ASM2657211v1,gar,FALSE,0,1,0,0,0,0,0,0,0,0,0,1,0
GCF_026572135.1_ASM2657213v1,gar,FALSE,0,1,0,0,0,0,0,0,0,0,0,1,0
GCF_026572155.1_ASM2657215v1,gar,FALSE,0,1,0,0,0,0,0,0,0,0,0,1,0
GCF_026572175.1_ASM2657217v1,gar,FALSE,0,1,0,0,0,0,0,0,0,0,0,1,0
GCF_026572195.1_ASM2657219v1,gar,FALSE,0,1,0,0,0,0,0,0,0,0,0,1,0
GCF_026572215.1_ASM2657221v1,gar,FALSE,0,1,0,0,0,0,0,0,0,0,0,1,0
GCF_026572235.1_ASM2657223v1,gar,FALSE,0,1,0,0,0,0,0,0,0,0,0,1,0
GCF_026572255.1_ASM2657225v1,gar,FALSE,0,1,0,0,0,0,0,0,0,0,0,1,0
GCF_026572275.1_ASM2657227v1,gar,FALSE,0,1,0,0,0,0,0,0,0,0,0,1,0
GCF_026572295.1_ASM2657229v1,gar,FALSE,0,1,0,0,0,0,0,0,0,0,0,1,0
GCF_026572315.1_ASM2657231v1,gar,FALSE,0,1,0,0,0,0,0,0,0,0,0,1,0
GCF_026572335.1_ASM2657233v1,gar,FALSE,0,1,0,0,0,0,0,0,0,0,0,1,0
GCF_026572355.1_ASM2657235v1,gar,FALSE,0,1,0,0,0,0,0,0,0,0,0,1,0
GCF_026572375.1_ASM2657237v1,bav,FALSE,0,1,0,0,0,0,0,0,0,0,0,1,0
GCF_026572395.1_ASM2657239v1,bav,FALSE,0,1,0,0,0,0,0,0,0,0,0,1,0
GCF_026572415.1_ASM2657241v1,bav,FALSE,0,1,0,0,0,0,0,0,0,0,0,1,0
GCF_026572455.1_ASM2657245v1,bav,FALSE,0,1,0,0,0,0,0,0,0,0,0,1,0
GCF_026572475.1_ASM2657247v1,bav,FALSE,0,1,0,0,0,0,0,0,0,0,0,1,0
GCF_026572515.1_ASM2657251v1,bav,FALSE,0,1,0,0,0,0,0,0,0,0,0,1,0
GCF_026572535.1_ASM2657253v1,bav,FALSE,0,1,0,0,0,0,0,0,0,0,0,1,0
GCF_026572675.1_ASM2657267v1,bav,FALSE,0,1,0,0,0,0,0,0,0,0,0,1,0
GCF_026572795.1_ASM2657279v1,bav,FALSE,0,1,0,0,0,0,0,0,0,0,0,1,0
GCF_026572815.1_ASM2657281v1,bav,FALSE,0,1,0,0,0,0,0,0,0,0,0,1,0
GCF_026572835.1_ASM2657283v1,bav,FALSE,0,1,0,0,0,0,0,0,0,0,0,1,0
GCF_026572855.1_ASM2657285v1,bav,FALSE,0,1,0,0,0,0,0,0,0,0,0,1,0
GCF_026572875.1_ASM2657287v1,afz,FALSE,0,1,0,0,0,0,0,0,0,0,0,1,0
GCF_026572895.1_ASM2657289v1,afz,FALSE,0,1,0,0,0,0,0,0,0,0,0,1,0
GCF_026572915.1_ASM2657291v1,afz,FALSE,0,1,0,0,0,0,0,0,0,0,0,1,0
GCF_026642275.1_ASM2664227v1,gar,FALSE,0,1,0,0,0,0,0,0,0,0,0,1,0
GCF_026642295.1_ASM2664229v1,gar,FALSE,0,1,0,0,0,0,0,0,0,0,0,1,0
GCF_026642315.1_ASM2664231v1,gar,FALSE,0,1,0,0,0,0,0,0,0,0,0,1,0
GCF_026642335.1_ASM2664233v1,gar,FALSE,0,1,0,0,0,0,0,0,0,0,0,1,0
GCF_026642355.1_ASM2664235v1,gar,FALSE,0,1,0,0,0,0,0,0,0,0,0,1,0
GCF_026642375.1_ASM2664237v1,gar,FALSE,0,1,0,0,0,0,0,0,0,0,0,1,0
GCF_026642395.1_ASM2664239v1,gar,FALSE,0,1,0,0,0,0,0,0,0,0,0,1,0
GCF_026642415.1_ASM2664241v1,gar,FALSE,0,1,0,0,0,0,0,0,0,0,0,1,0
GCF_026642435.1_ASM2664243v1,gar,FALSE,0,1,0,0,0,0,0,0,0,0,0,1,0
GCF_026642455.1_ASM2664245v1,gar,FALSE,0,1,0,0,0,0,0,0,0,0,0,1,0
GCF_026642475.1_ASM2664247v1,gar,FALSE,0,1,0,0,0,0,0,0,0,0,0,1,0
GCF_026642495.1_ASM2664249v1,gar,FALSE,0,1,0,0,0,0,0,0,0,0,0,1,0
GCF_026642515.1_ASM2664251v1,gar,FALSE,0,1,0,0,0,0,0,0,0,0,0,1,0
GCF_026642535.1_ASM2664253v1,gar,FALSE,0,1,0,0,0,0,0,0,0,0,0,1,0
GCF_026642555.1_ASM2664255v1,gar,FALSE,0,1,0,0,0,0,0,0,0,0,0,1,0
GCF_026642575.1_ASM2664257v1,gar,FALSE,0,1,0,0,0,0,0,0,0,0,0,1,0
GCF_026642595.1_ASM2664259v1,gar,FALSE,0,1,0,0,0,0,0,0,0,0,0,1,0
GCF_026642615.1_ASM2664261v1,gar,FALSE,0,1,0,0,0,0,0,0,0,0,0,1,0
GCF_026642635.1_ASM2664263v1,gar,FALSE,0,1,0,0,0,0,0,0,0,0,0,1,0
GCF_026642655.1_ASM2664265v1,gar,FALSE,0,1,0,0,0,0,0,0,0,0,0,1,0
GCF_026642675.1_ASM2664267v1,gar,FALSE,0,1,0,0,0,0,0,0,0,0,0,1,0
GCF_026642715.1_ASM2664271v1,gar,FALSE,0,1,0,0,0,0,0,0,0,0,0,1,0
GCF_026642795.1_ASM2664279v1,gar,FALSE,0,1,0,0,0,0,0,0,0,0,0,1,0
GCF_026642855.1_ASM2664285v1,gar,FALSE,0,1,0,0,0,0,0,0,0,0,0,1,0
GCF_026642955.1_ASM2664295v1,gar,FALSE,0,1,0,0,0,0,0,0,0,0,0,1,0
GCF_026643035.1_ASM2664303v1,gar,FALSE,0,1,0,0,0,0,0,0,0,0,0,1,0
GCF_026643075.1_ASM2664307v1,gar,FALSE,0,1,0,0,0,0,0,0,0,0,0,1,0
GCF_026643175.1_ASM2664317v1,gar,FALSE,0,1,0,0,0,0,0,0,0,0,0,1,0
GCF_026643255.1_ASM2664325v1,gar,FALSE,0,1,0,0,0,0,0,0,0,0,0,1,0
GCF_026643295.1_ASM2664329v1,gar,FALSE,0,1,0,0,0,0,0,0,0,0,0,1,0
GCF_026643355.1_ASM2664335v1,gar,FALSE,0,1,0,0,0,0,0,0,0,0,0,1,0
GCF_026643375.1_ASM2664337v1,gar,FALSE,0,1,0,0,0,0,0,0,0,0,0,1,0
GCF_026643395.1_ASM2664339v1,gar,FALSE,0,1,0,0,0,0,0,0,0,0,0,1,0
GCF_026643415.1_ASM2664341v1,gar,FALSE,0,1,0,0,0,0,0,0,0,0,0,1,0
GCF_026643435.1_ASM2664343v1,gar,FALSE,0,1,0,0,0,0,0,0,0,0,0,1,0
GCF_026643455.2_ASM2664345v2,gar,TRUE,0,1,0,1,1,1,1,1,0,1,0,1,0
GCF_026643475.1_ASM2664347v1,gar,FALSE,0,1,0,0,0,0,0,0,0,0,0,1,0
GCF_026643495.1_ASM2664349v1,gar,FALSE,0,1,0,0,0,0,0,0,0,0,0,1,0
GCF_026643515.1_ASM2664351v1,gar,FALSE,0,1,0,0,0,0,0,0,0,0,0,1,0
GCF_026643535.1_ASM2664353v1,afz,FALSE,0,1,0,0,0,0,0,0,0,0,0,1,0
GCF_026643555.1_ASM2664355v1,afz,FALSE,0,1,0,0,0,0,0,0,0,0,0,1,0
GCF_026643575.1_ASM2664357v1,afz,FALSE,0,1,0,0,0,0,0,0,0,0,0,1,0
GCF_026643595.1_ASM2664359v1,afz,FALSE,0,1,0,0,0,0,0,0,0,0,0,1,0
GCF_026644015.1_ASM2664401v1,afz,FALSE,0,1,0,0,0,0,0,0,0,0,0,1,0
GCF_026644375.1_ASM2664437v1,afz,FALSE,0,1,0,0,0,0,0,0,0,0,0,1,0
GCF_026644475.1_ASM2664447v1,afz,FALSE,0,1,0,0,0,0,0,0,0,0,0,1,0
GCF_026644635.1_ASM2664463v1,afz,FALSE,0,1,0,0,0,0,0,0,0,0,0,1,0
GCF_026644785.1_ASM2664478v1,afz,FALSE,0,1,0,0,0,0,0,0,0,0,0,1,0
GCF_030439605.1_ASM3043960v2,bb,TRUE,0,1,1,1,1,1,1,1,1,1,1,1,1
GCF_030439625.1_ASM3043962v2,bb,TRUE,0,1,0,1,1,1,1,1,1,1,0,1,0
GCF_030439665.1_ASM3043966v2,bb,TRUE,0,1,1,1,1,1,1,1,1,1,1,1,0
GCF_030440345.1_ASM3044034v2,bb,TRUE,0,1,0,1,1,1,1,1,1,1,0,1,0
GCF_030444985.1_ASM3044498v1,bb,TRUE,0,1,0,1,1,1,0,1,1,1,0,1,0
GCF_030445005.1_ASM3044500v2,bb,TRUE,0,1,0,1,1,1,1,1,1,1,0,1,0
GCF_030445025.1_ASM3044502v2,bb,TRUE,0,1,0,1,1,1,1,1,1,1,0,1,0
GCF_030445065.1_ASM3044506v2,bb,TRUE,1,1,1,1,1,1,1,1,1,1,1,1,1
GCF_032595375.1_ASM3259537v2,bb,TRUE,0,1,0,1,1,1,1,1,1,1,0,1,0
GCF_032595515.1_ASM3259551v2,bb,TRUE,0,1,0,1,1,1,1,1,1,1,0,1,0
GCF_032595535.1_ASM3259553v1,bb,TRUE,0,0,0,1,1,1,0,1,1,1,0,1,0
GCF_032595755.1_ASM3259575v2,bb,TRUE,0,1,0,1,1,1,1,1,0,1,0,1,0
GCF_032603535.1_ASM3260353v1,gar,TRUE,0,1,0,1,1,1,1,1,0,1,0,1,0
GCF_032604805.1_ASM3260480v1,gar,TRUE,0,1,0,1,1,1,1,1,0,1,0,1,0
GCF_032605755.1_ASM3260575v1,gar,TRUE,0,1,0,1,1,1,1,1,0,1,0,1,0
GCF_032606795.1_ASM3260679v1,gar,TRUE,0,1,0,1,1,0,1,1,0,1,0,1,0
GCF_032607615.1_ASM3260761v1,gar,TRUE,0,1,0,1,1,0,1,1,0,1,0,1,1
GCF_032608435.1_ASM3260843v1,gar,TRUE,0,1,0,1,1,0,1,1,0,1,0,1,1
GCF_032609235.1_ASM3260923v1,gar,TRUE,0,1,0,1,1,0,1,1,0,1,0,1,1
GCF_032610035.1_ASM3261003v1,gar,TRUE,0,1,0,1,1,0,1,1,0,1,0,1,1
GCF_032610675.1_ASM3261067v1,gar,TRUE,0,1,0,1,1,0,1,1,0,1,0,1,1
GCF_035341875.1_ASM3534187v1,gar,TRUE,0,1,0,1,1,1,1,1,0,1,0,1,0
GCF_038801875.1_ASM3880187v1,bb,TRUE,0,1,0,0,0,0,0,0,0,1,0,1,0
GCF_040268345.1_ASM4026834v1,bb,FALSE,0,1,0,0,0,0,0,0,0,0,0,1,0
GCF_040732965.1_ASM4073296v1,gar,FALSE,0,1,0,0,0,0,0,0,0,0,0,1,0
GCF_040790685.1_ASM4079068v1,afz,TRUE,0,1,0,1,1,1,1,1,1,1,0,1,0
GCF_040790705.1_ASM4079070v1,gar,TRUE,0,1,0,1,1,1,1,1,0,1,0,1,0
GCF_040790715.1_ASM4079071v1,bb,TRUE,1,1,0,1,1,1,1,1,1,1,0,1,0
GCF_040790735.1_ASM4079073v1,bb,TRUE,0,1,1,1,1,1,1,1,1,1,0,1,0
GCF_040790745.1_ASM4079074v1,bb,TRUE,0,1,1,1,1,1,1,1,1,1,1,1,0
GCF_040790755.1_ASM4079075v1,bb,TRUE,0,1,0,1,1,1,1,1,1,1,1,1,0
GCF_040790765.1_ASM4079076v1,bb,TRUE,1,1,0,1,1,1,1,1,1,1,0,1,0
GCF_040790775.1_ASM4079077v1,bb,TRUE,0,1,1,1,1,1,1,1,1,1,1,1,0
GCF_040790785.1_ASM4079078v1,bb,TRUE,0,1,0,1,1,1,1,1,1,1,0,1,0
GCF_040790795.1_ASM4079079v1,bb,TRUE,0,1,0,1,1,1,1,1,1,1,0,1,0
GCF_040790805.1_ASM4079080v1,bb,TRUE,0,1,0,1,1,1,1,1,1,1,0,1,1
GCF_040819585.1_PFhe_I_PB_Ill_cons,bb,TRUE,0,1,0,1,1,1,1,1,1,1,0,1,0
GCF_041014875.1_ASM4101487v1,afz,FALSE,0,1,0,0,0,0,0,0,0,0,0,1,0
GCF_044941625.1_ASM4494162v1,bb,TRUE,0,1,0,1,1,1,0,1,1,1,0,1,0
GCF_051054285.1_ASM5105428v1,bb,TRUE,0,1,1,1,1,1,1,1,1,1,0,1,0
GCF_051054305.1_ASM5105430v1,bb,TRUE,0,1,0,1,1,1,1,1,1,1,1,1,0
GCF_051054345.1_ASM5105434v1,bb,TRUE,0,1,1,1,1,1,1,1,1,1,1,1,0
GCF_051054355.1_ASM5105435v1,bb,TRUE,0,1,0,1,1,1,0,1,1,1,0,1,0
GCF_051054405.1_ASM5105440v1,bb,TRUE,0,1,1,1,1,1,0,1,1,1,0,1,0
GCF_051054475.1_ASM5105447v1,bb,TRUE,0,1,0,1,1,1,0,1,1,1,0,1,0
GCF_051054485.1_ASM5105448v1,bb,TRUE,0,1,1,1,1,1,1,1,1,1,1,1,0
GCF_051054855.1_ASM5105485v1,bb,TRUE,0,1,0,1,1,1,0,1,1,1,0,1,0
GCF_051147265.1_ASM5114726v1,bb,TRUE,0,1,0,1,1,1,1,1,1,1,0,1,0
